,MTS,MTS,MTS2,MTS2,WMTS,WMTS,MTSBag,MTSBag,MTSBagImpAgg,MTSBagImpAgg,SMOTEMTSBag,SMOTEMTSBag,SMOTEMTSBagImpAgg,SMOTEMTSBagImpAgg,WMTSBagImpAgg,WMTSBagImpAgg
,mean,std,mean,std,mean,std,mean,std,mean,std,mean,std,mean,std,mean,std
abalone,0.8793184405344373,0.07224365368442363,0.93061143080951,0.0419174188747949,0.9076014540235727,0.05542630926942829,0.8877294198320502,0.06913479559663942,0.9282788139643603,0.04486893295048053,0.9196578436347934,0.00934346593286761,0.9032013574129248,0.009898937172063077,0.9220278943085247,0.04840545026326851
cancer,0.9011748598219713,0.07562874225168552,0.9105547616797551,0.04036943987052832,0.9202586361702105,0.020127014282277447,0.9545577382120749,0.02307803202141309,0.9541843002620741,0.019915135580738104,0.9152576260866742,0.010318309117057207,0.8993415063318876,0.008552344302715724,0.9340688655788147,0.028802254380008784
car,0.9422529108813944,0.052736881917035565,0.9354627870295044,0.05726793525054473,0.9514806098824033,0.012697423835407763,0.949279509882666,0.04974452142570595,0.9765645228402283,0.004808022453688781,0.9176650611509662,0.010504131582648745,0.9004323884606809,0.012366030275028889,0.9152878154684387,0.08792710461140762
letter,0.7379981230775955,0.028413068879376165,0.7476103175064143,0.025298114965227773,0.7668600404597352,0.04509756102100756,0.7988465084000533,0.04328264164834541,0.8025049164395026,0.029281951862163903,0.915907027978234,0.010469781617246434,0.8995035196318948,0.006600208578576304,0.7896318093617065,0.05835193691431169
wine,0.923275109966054,0.05711988320271241,0.9669885579860094,0.025493160262291602,0.9566099919850741,0.034640794576538625,0.9598998589364716,0.023317996615225538,0.9742832323733065,0.031221748879270976,0.9151270958075901,0.011929597383404381,0.8939414702640823,0.008779193296042915,0.9594166243160837,0.027070435389677017
yeast,0.507391750965748,0.22216927293696595,0.4127226940192725,0.29771305542203963,0.5200904559551441,0.15484674855421526,0.4989984751436795,0.10999164356824218,0.49102210255259016,0.13019222930644214,0.9155922505529606,0.00918716104584842,0.9019902780373446,0.010093897803731398,0.5150456735610655,0.10348438113803841
whole_mean,0.8152351992078669,0.08471858381203322,0.8173250915050777,0.08134318744090449,0.8371501980793568,0.053805975256479156,0.8415519184011658,0.053091605145928596,0.8544729814053437,0.043381336838797406,0.9165344842018698,0.010292074446512133,0.8997350866898026,0.009381768571359717,0.8392464470991056,0.05900692711611868
