,MTS,MTS,MTS2,MTS2,WMTS,WMTS,MTSBag,MTSBag,MTSBagImpAgg,MTSBagImpAgg,SMOTEMTSBag,SMOTEMTSBag,SMOTEMTSBagImpAgg,SMOTEMTSBagImpAgg,WMTSBagImpAgg,WMTSBagImpAgg
,mean,std,mean,std,mean,std,mean,std,mean,std,mean,std,mean,std,mean,std
abalone,0.4455718687399502,0.07922344718766547,0.4391330751628235,0.09059475446062436,0.41838824199693764,0.101579936446586,0.4082958442313281,0.09053123772912784,0.4259909451978417,0.10391858641218484,0.5156893880491613,0.05799652798188241,0.5646634015148287,0.0553057670660867,0.4660005190773073,0.06746921757357018
cancer,0.868719978549171,0.04778047638656552,0.8286084904320408,0.08717635870350912,0.846413244588093,0.055647765470168385,0.9090282024976061,0.04401566511049747,0.9045993701195512,0.054776897107342876,0.5000659695559159,0.07458254066314256,0.55616101072235,0.09295196441598305,0.8518537058825503,0.07998543094950673
car,0.4300668681876969,0.07469985617642563,0.45620214097633455,0.0682590514879452,0.3607931916338297,0.06940525200054584,0.4826107685364347,0.08780202024176106,0.467960011551502,0.06780327614677817,0.5117970562776246,0.0775282311969672,0.5010806240497873,0.07831498318430845,0.3750223931502815,0.16597439656596347
letter,0.5990983388025826,0.1486299291235767,0.599427152594506,0.17505773127317217,0.5256111855027987,0.21029208606676494,0.9137086972776032,0.05026050778478775,0.8931135791621575,0.04161691830526202,0.5342024061410486,0.09694729916815273,0.5611358280612905,0.1056482615861492,0.8022775184228992,0.10386790469877497
wine,0.935079365079365,0.06598797898319349,0.8988084138084138,0.09075719111965451,0.8643073593073594,0.1463369046788375,0.8798717948717949,0.09577618139744833,0.9406313131313132,0.06563070910186182,0.46362893759099827,0.13817356435018055,0.45998829006378283,0.07338993266179618,0.863397435897436,0.09475355012815673
yeast,0.21693610508265682,0.1390256142799971,0.12493570037048293,0.08509149843891503,0.15854139772601222,0.0750484970942934,0.2217622839649694,0.08364945767996274,0.2260531135531135,0.10709850622578808,0.5020840258552436,0.08559590653890055,0.5278881136414441,0.05084482839820678,0.23154200587704424,0.10544572823145805
whole_mean,0.5825787540735704,0.09255788368957064,0.5578524955574335,0.09948943091397007,0.5290091034591716,0.10971840695953268,0.6358795985632893,0.07533917832393086,0.6430580554525798,0.07347414888320297,0.5045779639116653,0.08847067831653767,0.5284862113422473,0.07607595621875506,0.5983489297179198,0.10291603802457168
