,MTS,MTS,MTS2,MTS2,WMTS,WMTS,MTSBag,MTSBag,MTSBagImpAgg,MTSBagImpAgg,SMOTEMTSBag,SMOTEMTSBag,SMOTEMTSBagImpAgg,SMOTEMTSBagImpAgg,WMTSBagImpAgg,WMTSBagImpAgg
,mean,std,mean,std,mean,std,mean,std,mean,std,mean,std,mean,std,mean,std
abalone,0.8093808999451249,0.13644102590862942,0.906793311670628,0.08108839288987574,0.8618711042667389,0.11144970999262774,0.8246978942056966,0.1216652728928918,0.9029431604651652,0.08472047849906081,0.9058787277263713,0.01864892866620928,0.8617212690822436,0.026638477383763223,0.8872883893155658,0.09404581516363596
cancer,0.9378796919712133,0.1493481651555779,1.037581541656847,0.10479560725370604,1.028004827306145,0.08501599924520738,1.0013167606131121,0.039994129720969024,1.0166958103384098,0.05461330024868976,0.9024768795358001,0.02972651001524205,0.8573000851810436,0.01931442776710958,1.0707628455774363,0.09378402897963387
car,0.9902851272054084,0.1163866253291476,0.9679821992599521,0.11845709350103477,1.0589318263602525,0.05484636683064428,0.9850993573154183,0.09087346703331445,1.0486399145003231,0.010263024456285632,0.904474082358248,0.02288670871870209,0.8723791936932862,0.030839014662095456,0.9770912482793603,0.19476789416308318
letter,0.5634804307429228,0.0395631475465335,0.5796547639153667,0.03122317298339686,0.6254082014600627,0.061127423450866726,0.6432070924189232,0.06776494357860974,0.649132966122545,0.04786545050504964,0.8958217296338526,0.026014260898362923,0.8570028706841197,0.024446478925058548,0.6366479171424273,0.09490325576197053
wine,0.9087735819735819,0.14373385367284008,1.0321146333537636,0.07215370947910621,1.0109521072796936,0.10088478426418468,1.0338468898251507,0.0631120120389751,0.985137011137011,0.052425955667414016,0.9264999341825204,0.05092383881697274,0.8703898347665039,0.028627825125212596,1.0377209746774962,0.08112525585081261
yeast,0.3677190005620513,0.23859242507297213,0.3001919010402104,0.24235602335808346,0.35256821010075057,0.23390332763749552,0.2823562509878645,0.11980610404976919,0.2782300507776496,0.1682299690325407,0.9032013804965431,0.025078336934734075,0.8666835903959866,0.017347470166908165,0.29833372608560593,0.11739336729338608
whole_mean,0.7629197887333837,0.13734420711428344,0.8040530584827947,0.10834566657753385,0.8229560461289406,0.10787126857017106,0.7950873742276942,0.08386932155242155,0.8134631522235173,0.06968636306817343,0.9063921223222225,0.028879764008370525,0.8642461406338641,0.02453561567169126,0.817974183512982,0.11266993620208705
