,MTS,MTS,MTS2,MTS2,WMTS,WMTS,MTSBag,MTSBag,MTSBagImpAgg,MTSBagImpAgg,SMOTEMTSBag,SMOTEMTSBag,SMOTEMTSBagImpAgg,SMOTEMTSBagImpAgg,WMTSBagImpAgg,WMTSBagImpAgg
,mean,std,mean,std,mean,std,mean,std,mean,std,mean,std,mean,std,mean,std
abalone,0.9874333670675822,0.003273761108668533,0.9875492420466712,0.004071658084303667,0.9868215693498774,0.002466185222497959,0.9655612709021503,0.028743755210429964,0.9870254586946526,0.0037689039845560774,0.9657544353722202,0.009494294636635998,0.9725549641132367,0.003859863839960558,0.9884340197010821,0.0025097420271796094
cancer,0.9401345292402743,0.053196241125146364,0.9430720323370618,0.05156207600605479,0.9638023545207801,0.019363952219536573,0.9843007157719276,0.00707708587047727,0.9787812298116434,0.011322072663477187,0.9664177151501644,0.010216957024178162,0.9704868059446623,0.006659465896473526,0.9734709281032684,0.015395795411652804
car,0.97108426668931,0.00702022928504864,0.9701167647466293,0.007777949831754647,0.9590368658264372,0.01269400698448464,0.9776096030858732,0.01056538970484357,0.9824905555452327,0.0059692687728380885,0.9657858392257769,0.00944129078014456,0.9717598521838896,0.005051842209880794,0.9648247986322657,0.01205823542193336
letter,0.91652670163674,0.03772331813711551,0.919690738202204,0.0310368049204925,0.9183942335282153,0.038002916633638674,0.9224632203634391,0.011194898195701119,0.9730004164472238,0.007382056354344258,0.9642300821903007,0.008497430273254471,0.9716441207075963,0.004839422049997961,0.9610602623138913,0.013385884539043198
wine,0.9906588773545295,0.00822014862585292,0.9963222569611458,0.00491607513559981,0.9917947696800743,0.011784724046670775,0.9946559642160487,0.006017954436785136,0.9983190035273368,0.004001224059981687,0.9687339181878963,0.007437654629123348,0.963272599322287,0.008748988811320196,0.988689611945609,0.018616075715076435
yeast,0.72898626234081,0.05790414377420749,0.6536093136742355,0.09634355419603405,0.742994520424521,0.08292579334881973,0.7288828617857597,0.10050442361205204,0.791655365471662,0.061325431219910104,0.9623244929797192,0.010657071308704743,0.9705098188318793,0.0040770345746348885,0.7986649592921727,0.07935033364280054
whole_mean,0.9224706673882078,0.027889640342673244,0.9117267246613247,0.03261801969570658,0.9271407188883175,0.02787292974260806,0.9289122726875331,0.02735058450504818,0.9518786715829587,0.01562815950918457,0.9655410805176796,0.009290783108673546,0.9700380268505918,0.005539436230377987,0.9458574299980481,0.023552677792947656
