,MTS,MTS,MTS2,MTS2,WMTS,WMTS,MTSBag,MTSBag,MTSBagImpAgg,MTSBagImpAgg,SMOTEMTSBag,SMOTEMTSBag,SMOTEMTSBagImpAgg,SMOTEMTSBagImpAgg,WMTSBagImpAgg,WMTSBagImpAgg
,mean,std,mean,std,mean,std,mean,std,mean,std,mean,std,mean,std,mean,std
abalone,0.9808586722301443,0.005799787193535121,0.9781935799412572,0.007768976794437911,0.9796643112199022,0.005808145195148619,0.980551761258849,0.007095852252755259,0.9778322340957061,0.0063503430571226005,0.966328653146126,0.007633124812792097,0.97315296566077,0.0063696451590806915,0.9801097940967715,0.0050436497045848435
cancer,0.9343766628799332,0.02590206282003059,0.8973350065828078,0.06701483222421085,0.9096512547678236,0.041061072506597386,0.954103505484008,0.013239446758799183,0.9473269833466427,0.034946998662296204,0.9636765470618824,0.011149195573845073,0.9714360041623309,0.010737852430844673,0.9054995845776281,0.05737188292674008
car,0.9488115890273316,0.011536976249667949,0.9526582466757297,0.00848672501254701,0.9253309952636549,0.020699279512958864,0.9572462403879145,0.009588624103471204,0.9536990726420866,0.009409917727166274,0.9650546021840872,0.011801913796387035,0.9643080124869927,0.012118309508289552,0.9334760399389946,0.025097327851061984
letter,0.9836067271956057,0.008728961387356468,0.9821392015779068,0.011177639384682657,0.9705195879424379,0.020759790904010617,0.9973946193829109,0.001522939841341657,0.9966928126114325,0.0015309489726771613,0.9678887155486219,0.011392590417239619,0.9718522372528616,0.009889946743411841,0.9925486199116687,0.005681110127354886
wine,0.9728170090778786,0.025302239495752978,0.953494227994228,0.04353065113470629,0.9542485065710871,0.04981707466051774,0.9452271770097859,0.036031653951425116,0.9819492037233972,0.01909204207111883,0.9517160686427457,0.029485696570103918,0.9584547346514048,0.012297705148892567,0.9435478133948898,0.03863687919819952
yeast,0.9350923815717479,0.07357491104414542,0.9407885336221902,0.04826385793013777,0.9344911571462031,0.04533617197075906,0.9615710574726568,0.015254109942570914,0.9679955425741648,0.018712022417858847,0.9635985439417576,0.011962362404092814,0.9689386056191467,0.006916810078573984,0.962316475853292,0.01781524009802758
whole_mean,0.959260506997107,0.025140823031748083,0.9507681327323533,0.03104044708012042,0.9456509688185181,0.030580255791665383,0.9660157268326874,0.01378877114172722,0.9709159748322383,0.015007045484706652,0.9630438550875368,0.013904147262410094,0.9680237599722511,0.009721711511515551,0.9529163879622075,0.024941014984328144
