,MTSBagImpAgg,MTSBagImpAgg,WMTSBagImpAgg,WMTSBagImpAgg,MTGSBagImpAgg,MTGSBagImpAgg,WMTGSBagImpAgg,WMTGSBagImpAgg
,mean,std,mean,std,mean,std,mean,std
wine,0.9693232904202574,0.026342435840959993,0.9563817516251275,0.032294098947714366,0.9784420684548006,0.03780472263433061,0.9609726040848277,0.049882546558803725
cancer,0.9387120279870477,0.020491765911726176,0.9355084575658807,0.027933288276503796,0.9523411314520718,0.017869434402128327,0.9455410102539448,0.012727219581970626
abalone,0.9198028405755817,0.0739454039320776,0.8823646811612509,0.05057523560776692,0.7898171148733333,0.07255357273406705,0.7987101507771969,0.11432348459929795
car,0.9747717460578162,0.0037377780955926165,0.9099115385699623,0.07200610139683797,0.9574654275848703,0.019949573026883133,0.9452915232592399,0.07095545476904856
whole_mean,0.9506524762601758,0.031129345945089096,0.9210416072305554,0.04570218105720576,0.9195164355912689,0.03704432569935228,0.9126288220938024,0.06197217637728021
