,MTSBagImpAgg,MTSBagImpAgg,WMTSBagImpAgg,WMTSBagImpAgg,MTGSBagImpAgg,MTGSBagImpAgg,WMTGSBagImpAgg,WMTGSBagImpAgg
,mean,std,mean,std,mean,std,mean,std
wine,0.9694444444444443,0.02432208432696982,0.9416666666666667,0.03806445331684162,0.9777777777777779,0.028688765527462363,0.961111111111111,0.039717797388013384
cancer,0.9335714285714285,0.026309254469640518,0.9349999999999999,0.03457713451534864,0.9528571428571428,0.01788093652906536,0.9478571428571427,0.010674529414980927
abalone,0.9748803827751196,0.004331252189473764,0.9766746411483253,0.009269798993271698,0.9793062200956937,0.006126613187322525,0.9789473684210526,0.005810984594014916
car,0.9523121387283238,0.006980431958665443,0.9208092485549134,0.01363802571806273,0.9566473988439306,0.010814038690098067,0.9583815028901734,0.013840682077894373
whole_mean,0.9575520986298292,0.015485755736187386,0.9435376390924762,0.023887353135881174,0.9666471348936363,0.015877588483487082,0.96157428131987,0.0175109983687259
