,MTSBagImpAgg,MTSBagImpAgg,WMTSBagImpAgg,WMTSBagImpAgg,MTGSBagImpAgg,MTGSBagImpAgg,WMTGSBagImpAgg,WMTGSBagImpAgg
,mean,std,mean,std,mean,std,mean,std
wine,0.9712662337662337,0.04799908610990726,0.9833333333333334,0.05270462766947298,0.9800000000000001,0.06324555320336758,0.9646153846153848,0.0753863596518943
cancer,0.9573296173832805,0.02733637478363999,0.9381126269589753,0.04789940605969573,0.9514383171156382,0.03128041894347396,0.9394915829771687,0.025297073375710168
abalone,0.8714087301587302,0.13467006669802123,0.7974390642037701,0.09194420653914366,0.6380252835399893,0.11713735976992419,0.6600764594882242,0.17433956573754708
car,1.0,0.0,0.9038690476190476,0.144664833286013,0.9589156268568033,0.045436134858495465,0.9361904761904762,0.13002703364476964
whole_mean,0.950001145327061,0.05250138189789212,0.9056885180287816,0.08430326838858135,0.8820948068781076,0.0642748666938153,0.8750934758178135,0.1012625081024803
