,MTSBagImpAgg,MTSBagImpAgg,WMTSBagImpAgg,WMTSBagImpAgg,MTGSBagImpAgg,MTGSBagImpAgg,WMTGSBagImpAgg,WMTGSBagImpAgg
,mean,std,mean,std,mean,std,mean,std
car,0.9834305870361199,0.004281629864992451,0.9672496271590012,0.005593447290249761,0.9902124392202183,0.0035034994802299398,0.9846210644798701,0.006402852927232025
cancer,0.9785213224230566,0.014812546666918912,0.9836773359666984,0.008762921482520081,0.9829873250278357,0.00950180007124301,0.9837941972407087,0.00911099164110502
letter,0.9707141706537239,0.008914375470154787,0.9575456370605024,0.010755337214451334,0.9791501854293008,0.007376521898002873,0.9841070765906726,0.0054598249595946185
wine,0.997178130511464,0.0038981286731384454,0.9944119769119769,0.008709267231710664,0.9981196581196581,0.004045182757674947,0.9979349346305868,0.004252714773840329
abalone,0.9896434608807322,0.0025106083675771724,0.9886531609157094,0.00514025141216841,0.984188123464679,0.0068910319722196075,0.9852320511326349,0.00482276511649038
whole_mean,0.9838975343010192,0.006883457808556355,0.9783075476027776,0.0077922449262200506,0.9869315462523384,0.006263607235874076,0.9871378648148946,0.0060098298836524745
