,MTSBagImpAgg,MTSBagImpAgg,WMTSBagImpAgg,WMTSBagImpAgg,MTGSBagImpAgg,MTGSBagImpAgg,WMTGSBagImpAgg,WMTGSBagImpAgg
,mean,std,mean,std,mean,std,mean,std
wine,0.9682576274300413,0.02983398417807139,0.9315768950079295,0.04637373628529087,0.9778659279009909,0.02557909602034874,0.9584642875694769,0.0375942911247631
cancer,0.921500732708257,0.046443316493802705,0.9348440728302252,0.0557959176345277,0.9537273006559921,0.026172167735566753,0.9518685677532343,0.012922241320711726
abalone,0.9768637021465608,0.005000435777869904,0.9795799818297756,0.009962847702332469,0.9858537890574564,0.006889383725162199,0.9850278333888711,0.0065005470875516376
car,0.9501925307991863,0.0073018540719353535,0.9226614017367073,0.016788278302149996,0.9566903202941276,0.012344096564272052,0.9595084963309028,0.013838981665660928
whole_mean,0.9542036482710113,0.022144897630419838,0.9421655878511593,0.03223019498107526,0.9685343344771418,0.017746186011337435,0.9637172962606213,0.017714015299671846
