,MTSBagImpAgg,MTSBagImpAgg,WMTSBagImpAgg,WMTSBagImpAgg,MTGSBagImpAgg,MTGSBagImpAgg,WMTGSBagImpAgg,WMTGSBagImpAgg
,mean,std,mean,std,mean,std,mean,std
car,1.043032316509827,0.010391954434021917,0.9481048671574497,0.20579279293916145,0.9950004529355754,0.08766852457712858,0.9233830591547083,0.12435865038514825
cancer,1.0512486182545588,0.05443960707449496,1.0274759300453493,0.06082446314777315,0.9937594598146534,0.06126694480800315,0.9669072909957125,0.06422842345481135
letter,0.6533051827965737,0.06505305282337502,0.6993913976274361,0.04766320785355279,0.6796497879055737,0.0459349250993247,0.6717339147057574,0.043323110364093
wine,0.981304347826087,0.07415436887493887,1.0078269878269879,0.09520541230865501,0.994797634836428,0.05759484736170798,1.0191216765354698,0.05866257671713201
abalone,0.8580678342416078,0.11357690453711486,0.8673938704993761,0.13740460299009344,0.6863761353645483,0.16067803761663105,0.7441688640342333,0.11766450745483063
whole_mean,0.9173916599257307,0.06352317754878914,0.9100386106313199,0.10937809584784715,0.8699166941713556,0.0826286558925591,0.8650629610851764,0.08164745367520305
