,MTSBagImpAgg,MTSBagImpAgg,WMTSBagImpAgg,WMTSBagImpAgg,MTGSBagImpAgg,MTGSBagImpAgg,WMTGSBagImpAgg,WMTGSBagImpAgg
,mean,std,mean,std,mean,std,mean,std
wine,0.9295364357864357,0.07677280439100152,0.8216103341103341,0.12739457512388774,0.933968253968254,0.07743761774542969,0.8841391941391941,0.11198549005997799
cancer,0.8748712166453911,0.06470665085307979,0.881686562524578,0.08775438586513974,0.9187744218028054,0.04176382461428869,0.9110941615145352,0.018649561252677135
abalone,0.40908565028960686,0.07743824490701354,0.42084604919106167,0.1371361751653312,0.4824515261357366,0.08795095422296502,0.4460011184618325,0.09312538123626682
car,0.47115195325442,0.05782537625840863,0.31074191640277776,0.09095959986116633,0.4761616161616161,0.09080751280104567,0.4753393858556902,0.11682978700027247
whole_mean,0.6711613139939635,0.06918576910237587,0.6087212155571878,0.11081118400388124,0.7028389545171031,0.07448997734593227,0.679143464992813,0.08514755488729861
