,MTGS,MTGS,WMTS,WMTS,WMTGS,WMTGS,MTS,MTS
,mean,std,mean,std,mean,std,mean,std
1504,0.9163888888888889,0.044798933519052044,0.8797222222222223,0.058766031872652516,0.9101851851851852,0.05161362271128347,0.8947222222222223,0.07258278939853736
whole_mean,0.9163888888888889,0.044798933519052044,0.8797222222222223,0.058766031872652516,0.9101851851851852,0.05161362271128347,0.8947222222222223,0.07258278939853736
