,MTGS,MTGS,WMTS,WMTS,WMTGS,WMTGS,MTS,MTS
,mean,std,mean,std,mean,std,mean,std
1504,0.17638342073763938,0.37184890068181137,0.09428090415820634,0.2981423969999719,0.1,0.2249828525701843,0.16329931618554522,0.34426518632954817
whole_mean,0.17638342073763938,0.37184890068181137,0.09428090415820634,0.2981423969999719,0.1,0.2249828525701843,0.16329931618554522,0.34426518632954817
