,MTGS,MTGS,WMTS,WMTS,WMTGS,WMTGS,MTS,MTS
,mean,std,mean,std,mean,std,mean,std
1504,0.9222222222222223,0.10540925533894598,0.8,0.23306863292670035,0.6555555555555556,0.34921035752068647,0.788888888888889,0.23099949821500262
whole_mean,0.9222222222222223,0.10540925533894598,0.8,0.23306863292670035,0.6555555555555556,0.34921035752068647,0.788888888888889,0.23099949821500262
