,MTGS,MTGS,WMTS,WMTS,WMTGS,WMTGS,MTS,MTS
,mean,std,mean,std,mean,std,mean,std
1504,0.2,0.42163702135578396,0.1,0.31622776601683794,0.3,0.48304589153964794,0.2,0.42163702135578396
whole_mean,0.2,0.42163702135578396,0.1,0.31622776601683794,0.3,0.48304589153964794,0.2,0.42163702135578396
