,MTS,MTS,MTSBag,MTSBag,MTSBagImpAgg,MTSBagImpAgg
,mean,std,mean,std,mean,std
car,0.9528901734104046,0.008293001624916129,0.9508670520231215,0.008616832283236233,0.9563583815028902,0.009483410175202099
cancer,0.912857142857143,0.06690433824641327,0.9542857142857143,0.01586507737995969,0.9564285714285715,0.012799695291157724
letter,0.9668249999999998,0.009714000491844508,0.9843,0.002722845733582594,0.9838000000000001,0.002043961295567454
wine,0.9416666666666667,0.044309207829649616,0.9638888888888888,0.026352313834736504,0.9666666666666666,0.034146460952936636
abalone,0.9748803827751195,0.004066203758845927,0.9796650717703347,0.004649881893816044,0.9755980861244018,0.0037910253027128066
whole_mean,0.9498238731418667,0.02665735039033389,0.9666013453936116,0.011641390225066214,0.967770341144506,0.012452910603515345
