,MTGS,MTGS,WMTS,WMTS,WMTGS,WMTGS,MTS,MTS
,mean,std,mean,std,mean,std,mean,std
1504,0.5222222222222223,0.4320811283878484,0.47777777777777775,0.4092550695277413,0.5111111111111111,0.3747884634273635,0.42777777777777776,0.3795618729054746
whole_mean,0.5222222222222223,0.4320811283878484,0.47777777777777775,0.4092550695277413,0.5111111111111111,0.3747884634273635,0.42777777777777776,0.3795618729054746
