,MTS,MTS,MTSBag,MTSBag,SMOTEMTSBag,SMOTEMTSBag,LGBM,LGBM,RUSB,RUSB,SVM,SVM
,mean,std,mean,std,mean,std,mean,std,mean,std,mean,std
abalone,0.975358851674641,0.004986442807292988,0.9788277511961722,0.0028780035777701244,0.966725,0.012226138892643994,0.9844497607655501,0.0028752402515662204,0.9667464114832537,0.009908915194264144,0.9816985645933013,0.00394918038737305
cancer,0.8614285714285714,0.17849839776461623,0.945,0.013062730213662088,0.9615,0.011695796965861986,0.9585714285714285,0.019284244506015822,0.9507142857142856,0.019474385758741466,0.9707142857142855,0.016305613017394176
car,0.9546242774566475,0.011239104495637678,0.9627167630057804,0.00996073759195588,0.9637249999999999,0.01365774607238609,0.9913294797687862,0.00509778672652138,0.9453757225433526,0.008111959319853914,0.9601156069364162,0.006062478891156951
letter,0.9664250000000001,0.010108474167746571,0.9837250000000001,0.0028246189516857464,0.9673,0.008036202807019959,0.998775,0.0007945124291035529,0.9680500000000001,0.005644318677513987,0.9914,0.0011192755593587246
wine,0.9555555555555555,0.032605216410479664,0.9888888888888889,0.01942238607722504,0.9547000000000001,0.019257321839872884,0.9666666666666666,0.025526016207574498,0.9888888888888889,0.014344382763731182,0.986111111111111,0.019641855032959663
yeast,0.9461279461279462,0.010528430437314091,0.9457912457912458,0.014324611034466398,0.963425,0.009458278267093738,0.9606060606060607,0.009529934776814228,0.8579124579124577,0.03597777850531596,0.9622895622895623,0.013165322827039446
whole_mean,0.9432533670405604,0.041327677680514534,0.9674916081470145,0.010412181241127546,0.9628958333333332,0.012388580807479774,0.9767330660630821,0.010517955816265951,0.9462812944237066,0.015576956703236776,0.9753881884407795,0.010040620952547001
