,MTS,MTS,MTSBag,MTSBag,SMOTEMTSBag,SMOTEMTSBag,LGBM,LGBM,RUSB,RUSB,SVM,SVM
,mean,std,mean,std,mean,std,mean,std,mean,std,mean,std
abalone,0.987171090665923,0.0028541703314357127,0.9443924465149994,0.04394312106618276,0.9480681261526047,0.010168328072505948,0.9864407094335359,0.004274007994861318,0.9720841286507674,0.023729386407482473,0.9942570500777226,0.001094106846820809
cancer,0.9414515146362806,0.04460114562943917,0.974452396615243,0.0074362855647659805,0.9477390934762562,0.007570636285898537,0.992863873343599,0.004388771579943631,0.9786318981652847,0.010447673016080954,0.9955182677749264,0.0036389248417560438
car,0.9729919657184786,0.009191123169484906,0.9817072311974417,0.010096604583047026,0.9451147562240664,0.005437952590624307,0.9985515349838525,0.0012792377091098775,0.9704746781872213,0.005942187462373747,0.9226851115933824,0.028838882788496993
letter,0.9185545076246256,0.03902212967904672,0.9139074073463297,0.015599367124233406,0.9503912553307975,0.008752850647075403,0.9999917222048161,1.0899099323763744e-05,0.9906754611448964,0.003312653489534514,0.9832923273006837,0.004769329785486453
wine,0.9874323477891485,0.010288609813924019,0.9969231855101419,0.0064985021845619315,0.9476256339326878,0.009748166956842006,0.9981608391608392,0.003104707849061141,0.9992710170487948,0.0015527406484861913,0.9990147783251231,0.0031155444927766897
yeast,0.7167857669434259,0.09752804435371044,0.7144218200662058,0.09765849503523645,0.9461190532791608,0.010683610654216219,0.91689049492453,0.023489538669637024,0.7557672084175556,0.09030665487779972,0.798036161033431,0.14415518334203797
whole_mean,0.9207311988963137,0.03391420382950683,0.9209674145417269,0.03020539592633793,0.9475096530659289,0.008726924201193736,0.9821498623418622,0.0060911938169894595,0.9444840652690868,0.0225485493169596,0.9488006160175448,0.030935328682895825
