,MTS,MTS,MTSBag,MTSBag,SMOTEMTSBag,SMOTEMTSBag,LGBM,LGBM,RUSB,RUSB,SVM,SVM
,mean,std,mean,std,mean,std,mean,std,mean,std,mean,std
abalone,0.9183201408062468,0.0417233020584833,0.9005040764467083,0.05133041596278631,0.8978640999678007,0.013202401025607269,0.7119192858879659,0.12523225888084483,0.8792263631891866,0.10400629671946938,0.0,0.0
cancer,0.8170631284225411,0.2883749904665449,0.9499297095392389,0.013844470691709387,0.8892667162725625,0.011006761578874686,0.9540675649572989,0.022360479024613918,0.9449517270458425,0.023050418852982573,0.9664194061219709,0.01946802656068288
car,0.9422238367176649,0.05648058489298835,0.9383905693801831,0.05351597126137891,0.8910022956498219,0.00969676081885676,0.939128055932138,0.05884174570589983,0.8502899235662976,0.07436856763279866,0.0,0.0
letter,0.7525084925535601,0.04911081485981745,0.8163762239238898,0.03114534797571088,0.8902035816784402,0.012123295395779086,0.9849850488625315,0.010270652121665207,0.9531875211645453,0.01224232166476894,0.9202177556272929,0.012599220044941524
wine,0.9404218494715483,0.0491503091879651,0.9880165181139757,0.020672707613614314,0.8972032784503334,0.009591129949743756,0.9559830310332883,0.045956805574943124,0.9891976188044758,0.015911201202426853,0.9835732066247699,0.027079038065025207
yeast,0.4712616002390747,0.11557150098156453,0.403541975116868,0.2891510937278796,0.8937840516336527,0.011843035248705785,0.35860142766141145,0.15064808385754427,0.6803618837744984,0.09405973630284327,0.0,0.0
whole_mean,0.806966508035106,0.10006858374122728,0.8327931787534771,0.07661000120551324,0.8932206706087685,0.011243897336261223,0.8174474023891056,0.06888500419425186,0.8828691729241411,0.05393975706254828,0.4783683947290056,0.009857714111774935
