,MTS,MTS,MTSBag,MTSBag,SMOTEMTSBag,SMOTEMTSBag,LGBM,LGBM,RUSB,RUSB,SVM,SVM
,mean,std,mean,std,mean,std,mean,std,mean,std,mean,std
abalone,0.4328868736648623,0.06695080788215836,0.41909437671569505,0.07809996010237914,0.5463301067823922,0.10867574438532214,0.5612271786184829,0.13142941764537183,0.3464086666916855,0.1142159288617572,,
cancer,0.8326480297092267,0.17503491070353228,0.8833414977712095,0.03189448375798855,0.4978591300523024,0.10589978070625122,0.940359725182458,0.032226821176457074,0.9373759520519199,0.034403092605429474,0.9577854392655663,0.026336749363461805
car,0.47445083861683157,0.12233598733388598,0.5263223596535066,0.09017304427765176,0.5191688593341766,0.10012069976891967,0.9011159428806488,0.06444206119551205,0.402713663243075,0.09195337118788281,,
letter,0.609465946656926,0.1396075318005507,0.8908323258441129,0.0528469636145092,0.5419850320894952,0.0968673064691592,0.9980849846421131,0.0030836081148038425,0.5527824921183572,0.053867278758509426,0.9368970541368832,0.017095946392631678
wine,0.9078571428571429,0.11057723211872574,0.9803571428571429,0.043293087014209954,0.46409454509318787,0.1271312404604052,0.9425252525252527,0.06574275616960894,0.9737500000000001,0.04348131782731521,0.9791666666666666,0.04500514373894348
yeast,0.17913530913530912,0.10230417108420056,0.2209615384615385,0.16198330250823664,0.5087661378994245,0.08909942388979661,0.3416666666666666,0.20581815058714115,0.16399003864298062,0.07905251061372857,,
whole_mean,0.5727406901067164,0.11946844015384224,0.6534848735505342,0.07638180687916253,0.5130339685418298,0.10463236594664234,0.7808299584192704,0.08379046914814914,0.5628368021246697,0.06949558330910378,0.9579497200230387,0.02947927983167899
