,MTS,MTS,MTSBag,MTSBag,SMOTEMTSBag,SMOTEMTSBag,LGBM,LGBM,RUSB,RUSB,SVM,SVM
,mean,std,mean,std,mean,std,mean,std,mean,std,mean,std
abalone,0.8644885016943841,0.07943697181084912,0.8287819928609403,0.09471875159198444,0.829861111111111,0.028208466682763764,0.5252928444104915,0.1904257233042054,0.8081192564745197,0.1794850840484839,0.0,0.0
cancer,0.8956817708198782,0.07046345563196307,0.9666975484250928,0.024807084673088207,0.8180555555555555,0.019311716309827972,0.9404488071588432,0.03677058831392179,0.9285997137020339,0.0461667704770729,0.9548789756789278,0.030463775351479826
car,0.9330952380952381,0.1140896135031452,0.9153594771241831,0.1032462962441677,0.8194444444444444,0.021714887776960307,0.8888965936024759,0.10924032811372326,0.764504727728412,0.13339615435663238,0.0,0.0
letter,0.5782051048881673,0.07391849843923717,0.6696038550740588,0.05075921786570099,0.8145833333333334,0.020974317203841276,0.9703669551586496,0.02018736836821665,0.937506390925609,0.024349090771495878,0.8490502865545876,0.02328366820919117
wine,0.9181734931734932,0.09586169426823164,0.99,0.031622776601683784,0.8395833333333332,0.014437468638437671,0.9377272727272727,0.09131349445713076,0.990909090909091,0.02874797872880342,0.9755244755244755,0.05368901075189286
yeast,0.24295454545454542,0.12159663863064978,0.24532828282828284,0.19502483272114163,0.825,0.024888296399473354,0.15047008547008545,0.08672030769167197,0.5398747086247087,0.13513885024867645,0.0,0.0
whole_mean,0.7387664423542845,0.09256114538067932,0.7692951927187598,0.08336315994962779,0.8244212962962963,0.021589192168550722,0.7355337597546363,0.0891096350414783,0.8282523147273957,0.09121398810519415,0.4632422896263318,0.017906075718760642
