,MTS,MTS,MTSBag,MTSBag,SMOTEMTSBag,SMOTEMTSBag,LGBM,LGBM,RUSB,RUSB,SVM,SVM
,mean,std,mean,std,mean,std,mean,std,mean,std,mean,std
abalone,0.8845771727651858,0.08367852143123455,0.8445915439257302,0.09853763750549441,0.8542359667933924,0.036496034276124606,0.5296873085212379,0.19379660545081842,0.834397739537984,0.18987209044228234,0.0,0.0
cancer,inf,,1.035763376017305,0.03612319835847618,0.8462596052378005,0.024158269671590456,0.9714262899985574,0.036844283857050394,0.9657296549268283,0.0599700102837942,0.9760757690285417,0.027836022800666726
car,0.9777336591599719,0.12732338333975168,0.9488356365019092,0.10917891920053693,0.8459154354710188,0.031796573586325455,0.8927388845335876,0.11044215686970135,0.8029441036298908,0.14309216604170488,0.0,0.0
letter,0.588179103214401,0.07346038432571901,0.6718740863923214,0.05089533208309399,0.8372364206559133,0.022602514951240445,0.9704434460833624,0.020224659219988148,0.9672578474912161,0.02676604556127241,0.8511626291242542,0.02345732758159038
wine,0.952574149987943,0.11771654888433455,1.0045454545454544,0.0492831999008806,0.8759452389091731,0.028223235652940416,0.9608188552188552,0.10354075168101567,1.0036013986013985,0.03886349611526731,0.9832625707625707,0.05976184940949183
yeast,0.2521748495698203,0.1288898054592576,0.25280382925479505,0.2012689677369179,0.8519555687887804,0.031012469823237902,0.1519364886127008,0.08750145270391163,0.6200490970078464,0.1571059296974317,0.0,0.0
whole_mean,inf,0.10621372868805948,0.793068987772919,0.09088120913090002,0.8519247059760131,0.029048182993576546,0.7461752121613836,0.09205831829708093,0.8656633068658607,0.10261162302362548,0.46841682815256114,0.01850919996529149
