,MTS,MTS,MTSBag,MTSBag,SMOTEMTSBag,SMOTEMTSBag,LGBM,LGBM,RUSB,RUSB,SVM,SVM
,mean,std,mean,std,mean,std,mean,std,mean,std,mean,std
abalone,0.9775515167699558,0.005468175286136327,0.9815208161216805,0.0035522629538384345,0.9718360995850622,0.013192027440434882,0.9924573299419468,0.004069580490622694,0.9696760316606238,0.011411157767420443,1.0,0.0
cancer,0.8408917530305133,0.29774396399382397,0.9337084154438173,0.01815041379252984,0.9668568464730292,0.012241591809857101,0.9681968097800739,0.016527326196412537,0.9624239526387754,0.024098095486192943,0.9782783939070148,0.013686682751735402
car,0.9554223791184555,0.013725643885230602,0.9650570514446128,0.010286210619143735,0.9691130705394191,0.014619468027120167,0.9957857532206609,0.0029091750400623544,0.9527343320928203,0.009091919378595381,1.0,0.0
letter,0.9827970918469429,0.008755767109628578,0.9966183991239607,0.0017705660164819518,0.9730031120331951,0.008286544800540347,0.9999218953256378,0.00012576048977235897,0.9692981420337548,0.005995929815989649,0.9975220791901208,0.0007209907078910464
wine,0.9665555555555555,0.041177623872911025,0.9865612648221344,0.030457303350302774,0.9589989626556015,0.020182151478836226,0.9773288563288564,0.026206977404444238,0.9878306878306878,0.01980498347602091,0.992551724137931,0.01575610114251321
yeast,0.9667552799492807,0.011660030936957118,0.9730526769048676,0.011401773316930507,0.968594398340249,0.010241094682101083,0.9898992397082779,0.00412803765271637,0.8714563032577123,0.036796203658148195,1.0,0.0
whole_mean,0.9483289293784507,0.06308853418078127,0.9727531039768454,0.012603088341537875,0.968067081604426,0.013127146373148301,0.9872649807175756,0.008994476212338426,0.9522365749190626,0.017866381597061252,0.9947253662058445,0.005027295767023277
